Demand ID,Role Status,Region,Project Name,Project Type,Demand Received Date,Track,Location Shore,Primary Skill (Must have),Grade,Role Start Date,Role End Date,Number of FTE,Email,First Name,Last Name,Employment Details Hire Date,Work Region,Designation,Pay Grade,Competency,Onsite/ Offshore,Allocation Status,Skills,Employment ID
8475,Open,AMEA,"Mullins, Green and Davis",CEMS,2024-11-07,FIN,Offshore,Core HR & Payroll,G8,2025-08-17,2026-11-27,0.7,yavila@example.net,Timothy,Carter,2022-12-19,UK/EUROPE - UK,Associate Consultant,04-Grade 4,PRGM,Offshore,On Project - Fulltime,SQL,86080
9212,Staffed,EUK,Brandt-Oliver,Impl,2024-11-29,FIN,Offshore,Core HR & Payroll,G10,2025-07-12,2026-07-16,0.8,patricia90@example.com,Joseph,Estrada,2021-01-16,NA,Consultant II,04-Grade 4,PRGM,Onsite,On Project - Fulltime,SQL,36640
7718,Staffed,EUK,"Griffin, Brown and Simpson",Impl,2024-06-30,HCM,Offshore,Redwood HCM - Core HR and ORC,T2,2025-11-04,2025-12-25,0.8,aaron53@example.org,Sherri,Rhodes,2020-04-17,CORPORATE,Associate Consultant,07-Grade 7,AD,Offshore,Bench,"Core HR,Talent",26732
5976,Open,EUK,Smith-Washington,CEMS,2024-05-23,FIN,Onsite,Redwood HCM - Core HR and ORC,G6,2025-01-08,2026-05-27,0.8,amanda64@example.com,Michelle,Allen,2024-03-23,UK/EUROPE - UK,Manager II - Projects,10-Grade 9,HCM,Offshore,On Project - Partial,"AP,AR",76300
1985,Open,EUK,Bentley-Clark,CEMS,2024-11-06,HCM,Onsite,Onboarding Journeys,T2,2025-11-10,2026-02-25,0.7,larryoneill@example.com,Cynthia,Mcintyre,2024-11-22,UK/EUROPE - UK,Manager II - Projects,10-Grade 9,PRGM,Offshore,Bench,"Core HR,ORC,Absence",75361
4007,Staffed,AMEA,Soto Ltd,CEMS,2024-08-30,HCM,Offshore,"ORC, Core HR, Absence, Benefits, Talent and Compensation.",G6,2025-12-07,2026-11-09,0.8,kthomas@example.com,Jacob,Little,2020-03-29,NA,Manager II - Projects,T2-Programmer Trainee,HCM,Offshore,On Project - Fulltime,SQL,17626
7113,Open,EUK,"Blake, Mayer and Goodwin",Impl,2024-05-17,FIN,Onsite,Core HR & Payroll,G8,2025-03-28,2026-10-19,0.6,ashleyjensen@example.net,Eric,Garcia,2021-04-01,NA,Sr. Consultant II,04-Grade 4,SCM,Onsite,On Project - Partial,PM,96871
5061,Staffed,NA,Giles-Lewis,CEMS,2024-10-31,FIN,Onsite,Onboarding Journeys,G5,2025-08-26,2026-07-20,0.7,laura60@example.com,Kevin,Payne,2022-02-02,UK/EUROPE - UK,Sr. Consultant II,07-Grade 7,HCM,Offshore,On Project - Partial,"AP,AR",81403
5764,Staffed,AMEA,Hurley-Garcia,CEMS,2024-02-07,HCM,Offshore,Onboarding Journeys,T2,2025-07-30,2026-12-06,0.5,ucollins@example.net,Kimberly,Anderson,2023-03-12,UK/EUROPE - UK,Sr. Consultant II,09-Grade 9,PRGM,Onsite,On Project - Partial,"Core HR,ORC,Absence",13248
9182,Open,EUK,Edwards-Davila,Impl,2024-07-27,FIN,Onsite,"ORC, Core HR, Absence, Benefits, Talent and Compensation.",T2,2025-01-25,2026-02-18,0.5,kayla40@example.org,Jacqueline,Calderon,2021-05-21,CORPORATE,Consultant II,07-Grade 7,ERP Finance,Onsite,Bench,"Core HR,Talent",81950
1554,Staffed,EUK,Hoffman-Boyd,CEMS,2024-01-22,FIN,Onsite,Onboarding Journeys,T2,2025-07-16,2026-05-19,0.7,wnewman@example.net,Tamara,Hughes,2020-03-20,UK/EUROPE - UK,Associate Consultant,05-Grade 5,HCM,Offshore,Bench,"ORC,Talent",88654
2388,Open,NA,"Curtis, Riley and Bradshaw",CEMS,2024-12-08,FIN,Onsite,Onboarding Journeys,G8,2025-10-21,2026-04-11,0.9,debbiewilcox@example.org,Jeffery,Jones,2024-07-01,CORPORATE,Sr. Consultant II,07-Grade 7,SCM,Onsite,Bench,PM,66959
5005,Open,EUK,Anderson-Sosa,Impl,2024-11-03,FIN,Offshore,Redwood HCM - Core HR and ORC,T2,2025-01-13,2026-06-28,0.6,torresphilip@example.net,Scott,Carson,2022-10-03,NA,Associate Consultant,07-Grade 7,PRGM,Onsite,Freshers Training,"Core HR,ORC,Absence",76596
8700,Staffed,EUK,"Russo, Johnson and Wright",CEMS,2024-07-21,HCM,Onsite,Redwood HCM - Core HR and ORC,T2,2025-06-08,2026-05-05,0.6,baldwinjonathan@example.com,Angela,Gonzalez,2021-01-22,UK/EUROPE - UK,Manager II - Projects,04-Grade 4,SCM,Onsite,Bench,"Core HR,Talent",85347
5834,Staffed,AMEA,Reynolds-Fritz,CEMS,2024-02-25,HCM,Offshore,Onboarding Journeys,G5,2025-08-28,2026-07-21,0.9,sloanmichele@example.com,Mariah,Burns,2022-09-08,AMEA - KSA,Manager I - Delivery,07-Grade 7,AD,Onsite,On Project - Partial,"AP,AR",69301
2500,Open,NA,Anderson PLC,Impl,2024-01-30,FIN,Offshore,Onboarding Journeys,G10,2025-10-03,2026-04-04,0.5,maryhenry@example.net,Michael,Lewis,2020-02-24,UK/EUROPE - UK,Associate Consultant,10-Grade 9,PRGM,Offshore,On Project - Fulltime,"Core HR,Talent",84334
7657,Staffed,AMEA,Smith-Sanchez,Impl,2024-05-23,HCM,Onsite,Onboarding Journeys,T2,2025-02-21,2025-12-18,0.7,jhernandez@example.org,Lisa,Martinez,2020-02-13,AMEA - KSA,Sr. Consultant II,04-Grade 4,PRGM,Offshore,On Project - Fulltime,PM,78950
9762,Staffed,AMEA,Gonzalez Ltd,CEMS,2024-11-16,FIN,Onsite,"ORC, Core HR, Absence, Benefits, Talent and Compensation.",T2,2025-06-09,2026-09-01,0.9,josephcross@example.net,Amy,Carter,2020-02-18,AMEA - KSA,Manager I - Delivery,07-Grade 7,SCM,Offshore,On Project - Partial,"Core HR,ORC,Absence",27025
8090,Open,NA,Kennedy and Sons,Impl,2024-08-14,HCM,Offshore,Onboarding Journeys,G6,2025-05-27,2026-08-31,0.9,bryandean@example.net,Kiara,Gibson,2023-07-07,NA,Consultant II,07-Grade 7,AD,Offshore,On Project - Partial,"ORC,Talent",73636
2001,Open,NA,"Heath, Bell and Coleman",Impl,2024-10-31,FIN,Offshore,Onboarding Journeys,G8,2025-11-20,2026-10-30,0.7,marshallleslie@example.org,Timothy,Fox,2021-10-07,CORPORATE,Manager I - Delivery,04-Grade 4,PRGM,Offshore,Bench,SQL,17975
3669,Staffed,NA,"Johnson, Huynh and Gaines",CEMS,2024-02-19,HCM,Onsite,Redwood HCM - Core HR and ORC,G10,2025-10-04,2026-08-06,0.5,karensalazar@example.net,Kaylee,Ford,2023-01-06,CORPORATE,Sr. Consultant II,10-Grade 9,HCM,Offshore,Freshers Training,PM,61730
9233,Staffed,AMEA,Carter Inc,Impl,2024-03-17,HCM,Onsite,Redwood HCM - Core HR and ORC,G10,2025-07-03,2026-09-25,0.7,smithjames@example.org,Regina,Oliver,2024-01-12,AMEA - KSA,Manager II - Projects,04-Grade 4,HCM,Onsite,Bench,"ORC,Talent",49140
8095,Open,AMEA,Shaw and Sons,CEMS,2024-01-20,HCM,Offshore,Onboarding Journeys,T2,2025-07-19,2026-09-08,0.5,uwilson@example.com,Scott,Thomas,2024-12-12,NA,Manager II - Projects,07-Grade 7,AD,Onsite,Freshers Training,"ORC,Talent",42291
5352,Staffed,AMEA,Miller and Sons,Impl,2024-05-28,HCM,Offshore,"ORC, Core HR, Absence, Benefits, Talent and Compensation.",G5,2025-08-07,2026-10-18,0.6,jonesbrooke@example.org,Eric,Sanchez,2022-05-24,AMEA - KSA,Manager I - Delivery,09-Grade 9,AD,Offshore,On Project - Fulltime,SQL,64446
6596,Open,AMEA,Hall-Cross,Impl,2024-06-23,FIN,Offshore,"ORC, Core HR, Absence, Benefits, Talent and Compensation.",G10,2025-07-15,2026-04-06,0.8,fgonzalez@example.org,Kelly,Haas,2023-08-27,CORPORATE,Manager I - Delivery,07-Grade 7,ERP Finance,Offshore,Bench,SQL,70250
4281,Open,AMEA,Hines LLC,Impl,2024-01-22,FIN,Onsite,Onboarding Journeys,T2,2025-07-18,2026-04-27,0.7,hernandezryan@example.com,Robert,Wright,2020-09-04,AMEA - KSA,Sr. Consultant II,07-Grade 7,PRGM,Offshore,Bench,"Core HR,Talent",92580
2888,Staffed,AMEA,Moses-Smith,Impl,2024-06-28,HCM,Offshore,Redwood HCM - Core HR and ORC,G5,2025-02-24,2026-07-01,1.0,chenrichard@example.com,Michael,Arellano,2020-12-09,UK/EUROPE - UK,Associate Consultant,05-Grade 5,SCM,Onsite,Bench,"Core HR,Talent",31032
7172,Open,EUK,Jones Ltd,Impl,2024-06-05,FIN,Onsite,"ORC, Core HR, Absence, Benefits, Talent and Compensation.",T2,2025-06-15,2026-07-28,0.6,chenrichard@example.com,Michael,Arellano,2020-12-09,UK/EUROPE - UK,Associate Consultant,05-Grade 5,SCM,Onsite,Bench,"Core HR,Talent",31032
3380,Staffed,NA,"Davidson, Kelley and Riley",CEMS,2024-10-29,HCM,Onsite,"Core HR,Talent",G5,2025-10-09,2026-04-09,0.7,chelseahart@example.com,Donna,Khan,2023-07-11,AMEA - KSA,Associate Consultant,09-Grade 9,ERP Finance,Offshore,On Project - Fulltime,SQL,68839
1179,Staffed,EUK,Bishop-Chapman,CEMS,2024-11-04,FIN,Onsite,Redwood HCM - Core HR and ORC,G6,2025-10-09,2026-02-19,0.6,robertharper@example.com,Miguel,Clark,2022-12-01,NA,Associate Consultant,05-Grade 5,SCM,Offshore,Bench,SQL,96224
8485,Staffed,AMEA,Brandt PLC,CEMS,2024-02-04,FIN,Offshore,Redwood HCM - Core HR and ORC,G6,2025-02-04,2025-12-16,0.6,ksmith@example.com,Amanda,Castro,2020-09-24,NA,Associate Consultant,05-Grade 5,SCM,Onsite,On Project - Partial,"Core HR,ORC,Absence",28175
9041,Open,EUK,Stokes-Olson,Impl,2024-03-01,HCM,Offshore,Redwood HCM - Core HR and ORC,G10,2024-12-15,2026-12-04,0.7,karensalazar@example.net,Kaylee,Ford,2023-01-06,CORPORATE,Sr. Consultant II,10-Grade 9,HCM,Offshore,Freshers Training,PM,61730
5931,Staffed,NA,Gonzales PLC,Impl,2024-02-02,HCM,Onsite,Core HR & Payroll,G10,2025-09-18,2025-12-24,0.8,cynthia63@example.com,Martin,Collins,2024-01-27,AMEA - KSA,Associate Consultant,05-Grade 5,ERP Finance,Onsite,Bench,"Core HR,Talent",82283
5229,Staffed,NA,Griffin-Caldwell,Impl,2024-10-15,FIN,Offshore,Onboarding Journeys,G5,2025-12-14,2026-10-26,0.7,wnewman@example.net,Tamara,Hughes,2020-03-20,UK/EUROPE - UK,Associate Consultant,05-Grade 5,HCM,Offshore,Bench,"ORC,Talent",88654
8941,Open,NA,Pope Inc,CEMS,2024-04-26,HCM,Onsite,Onboarding Journeys,G8,2025-07-12,2026-11-08,0.9,russojoyce@example.net,Richard,Adams,2022-03-24,AMEA - KSA,Sr. Consultant II,09-Grade 9,PRGM,Onsite,Freshers Training,"Core HR,ORC,Absence",65171
6313,Staffed,EUK,Tate and Sons,CEMS,2024-08-23,HCM,Offshore,"Core HR,Talent",G8,2025-03-14,2026-11-18,0.6,vjones@example.com,Crystal,Walton,2024-04-26,NA,Consultant II,04-Grade 4,ERP Finance,Onsite,Freshers Training,"Core HR,Talent",18208
2498,Staffed,EUK,"White, Martin and Ray",CEMS,2024-04-02,HCM,Onsite,Redwood HCM - Core HR and ORC,G10,2025-05-03,2026-11-28,0.9,jacqueline72@example.org,Jamie,Lopez,2019-12-31,AMEA - KSA,Manager II - Projects,05-Grade 5,ERP Finance,Offshore,Freshers Training,"ORC,Talent",74130
9737,Open,EUK,"Perez, Newman and Salinas",Impl,2024-04-19,HCM,Offshore,Core HR & Payroll,G5,2025-10-23,2025-12-15,0.6,sloanmichele@example.com,Mariah,Burns,2022-09-08,AMEA - KSA,Manager I - Delivery,07-Grade 7,AD,Onsite,On Project - Partial,"AP,AR",69301
3876,Open,NA,Brown-Reed,CEMS,2024-01-25,FIN,Onsite,Core HR & Payroll,G8,2025-04-01,2026-06-29,0.8,allenchristie@example.net,Tyler,Riggs,2020-10-23,AMEA - KSA,Consultant I,07-Grade 7,PRGM,Offshore,On Project - Fulltime,"AP,AR",11389
3087,Open,EUK,"Nash, Smith and Wagner",Impl,2024-08-28,HCM,Onsite,Onboarding Journeys,G5,2025-03-29,2026-09-30,0.7,nelsonlacey@example.org,Mark,Stewart,2024-04-02,AMEA - KSA,Manager I - Delivery,05-Grade 5,ERP Finance,Onsite,Bench,SQL,39285
9125,Staffed,EUK,"Griffin, Collins and Obrien",Impl,2024-01-26,FIN,Onsite,Core HR & Payroll,T2,2025-09-09,2026-01-10,0.8,zacharycruz@example.com,Allison,Phillips,2020-08-01,AMEA - KSA,Manager II - Projects,05-Grade 5,AD,Onsite,On Project - Fulltime,SQL,52149
8128,Staffed,AMEA,White-Schmitt,CEMS,2024-10-30,FIN,Offshore,"ORC, Core HR, Absence, Benefits, Talent and Compensation.",G6,2025-06-10,2026-03-15,0.6,tina64@example.net,Paul,Guzman,2021-03-01,AMEA - KSA,Consultant I,07-Grade 7,HCM,Offshore,Bench,"AP,AR",82231
9712,Staffed,AMEA,Lawson-Sherman,Impl,2023-12-30,HCM,Onsite,"Core HR,Talent",T2,2025-12-07,2026-09-22,0.9,hchoi@example.net,Patrick,Brown,2019-12-19,UK/EUROPE - UK,Associate Consultant,09-Grade 9,ERP Finance,Onsite,On Project - Fulltime,"ORC,Talent",89379
9301,Staffed,NA,Lopez Ltd,CEMS,2024-11-28,HCM,Onsite,Onboarding Journeys,G10,2025-02-14,2026-07-29,0.6,scottjames@example.org,David,Roberts,2022-09-05,CORPORATE,Consultant II,07-Grade 7,HCM,Offshore,Freshers Training,"ORC,Talent",49518
8017,Open,AMEA,Ferrell and Sons,CEMS,2024-06-17,FIN,Onsite,"Core HR,Talent",G10,2025-06-21,2026-06-06,0.9,hblanchard@example.org,Emily,Reyes,2020-04-26,AMEA - KSA,Associate Consultant,09-Grade 9,PRGM,Offshore,Freshers Training,PM,66850
4600,Staffed,EUK,Martinez Ltd,Impl,2024-05-04,FIN,Offshore,"Core HR,Talent",T2,2025-01-25,2026-02-24,1.0,alijenny@example.com,Stephen,Lewis,2024-11-04,UK/EUROPE - UK,Consultant I,07-Grade 7,ERP Finance,Onsite,On Project - Fulltime,"ORC,Talent",48267
1599,Staffed,EUK,"Conley, Mccoy and Williams",Impl,2024-07-15,HCM,Offshore,Core HR & Payroll,G5,2025-01-22,2026-04-21,0.8,marshallleslie@example.org,Timothy,Fox,2021-10-07,CORPORATE,Manager I - Delivery,04-Grade 4,PRGM,Offshore,Bench,SQL,17975
9410,Staffed,AMEA,"Moore, Smith and Johnson",Impl,2024-05-27,FIN,Onsite,Redwood HCM - Core HR and ORC,T2,2025-11-01,2026-05-12,1.0,taylorryan@example.com,Allison,Coleman,2023-12-15,CORPORATE,Manager II - Projects,10-Grade 9,HCM,Onsite,On Project - Fulltime,"Core HR,Talent",96592
2588,Staffed,AMEA,"Lee, Lam and Mason",Impl,2024-08-22,FIN,Onsite,"ORC, Core HR, Absence, Benefits, Talent and Compensation.",T2,2025-04-05,2026-04-02,0.7,seanwade@example.org,Rachel,Wells,2022-11-20,CORPORATE,Associate Consultant,04-Grade 4,PRGM,Offshore,Bench,"Core HR,Talent",99577
9103,Open,AMEA,Massey-Brown,Impl,2024-07-07,HCM,Onsite,"Core HR,Talent",G6,2025-04-01,2026-02-16,0.9,perezdavid@example.com,Donald,Martin,2022-06-02,CORPORATE,Consultant II,09-Grade 9,HCM,Onsite,On Project - Partial,SQL,82850
3943,Open,EUK,Olson Group,Impl,2024-09-09,FIN,Onsite,Onboarding Journeys,G8,2025-08-08,2026-05-04,0.9,mark83@example.com,Steven,Donaldson,2023-09-07,AMEA - KSA,Sr. Consultant II,10-Grade 9,PRGM,Onsite,Bench,SQL,27449
6188,Staffed,NA,"Ibarra, Mcguire and Wells",Impl,2024-12-11,FIN,Offshore,Redwood HCM - Core HR and ORC,G5,2025-10-19,2026-10-21,0.8,laura60@example.com,Kevin,Payne,2022-02-02,UK/EUROPE - UK,Sr. Consultant II,07-Grade 7,HCM,Offshore,On Project - Partial,"AP,AR",81403
3958,Open,NA,Robinson-Wilson,CEMS,2024-06-08,HCM,Onsite,"ORC, Core HR, Absence, Benefits, Talent and Compensation.",G10,2025-11-13,2026-09-16,0.6,ruthdonaldson@example.net,Carla,Solis,2023-01-31,AMEA - KSA,Associate Consultant,09-Grade 9,ERP Finance,Onsite,On Project - Fulltime,"Core HR,Talent",98435
8346,Staffed,NA,Miller-Phelps,CEMS,2024-06-10,FIN,Onsite,Core HR & Payroll,G8,2024-12-25,2026-04-16,0.6,hoffmangary@example.com,Mike,Brooks,2021-07-20,UK/EUROPE - UK,Manager II - Projects,09-Grade 9,SCM,Offshore,On Project - Fulltime,SQL,51834
1002,Staffed,AMEA,Lucas Inc,Impl,2024-07-03,HCM,Offshore,Redwood HCM - Core HR and ORC,G8,2025-11-05,2026-03-25,0.8,david67@example.com,Katie,Delgado,2020-11-06,UK/EUROPE - UK,Consultant I,09-Grade 9,ERP Finance,Offshore,Bench,"Core HR,Talent",31579
4423,Staffed,EUK,Brown Ltd,Impl,2024-07-26,FIN,Onsite,Redwood HCM - Core HR and ORC,G10,2025-08-26,2026-12-06,0.6,swoods@example.net,Rhonda,Luna,2023-08-17,CORPORATE,Manager I - Delivery,09-Grade 9,SCM,Onsite,On Project - Partial,PM,46145
2488,Staffed,NA,Kline Inc,CEMS,2024-12-05,HCM,Offshore,"ORC, Core HR, Absence, Benefits, Talent and Compensation.",G6,2025-05-08,2026-06-01,0.6,meganhenry@example.com,Dawn,Spencer,2023-02-01,UK/EUROPE - UK,Consultant I,T2-Programmer Trainee,HCM,Offshore,Freshers Training,"Core HR,Talent",65895
5134,Staffed,AMEA,Shaw Group,Impl,2024-01-26,HCM,Onsite,Core HR & Payroll,T2,2025-06-13,2026-03-13,0.9,geraldmoran@example.org,Timothy,Kennedy,2020-12-07,UK/EUROPE - UK,Manager II - Projects,07-Grade 7,HCM,Onsite,Bench,"Core HR,Talent",96445
8612,Staffed,NA,Perez Group,Impl,2024-01-29,FIN,Offshore,Onboarding Journeys,G5,2025-05-10,2026-02-25,1.0,pattonjeffrey@example.com,Maureen,Butler,2024-07-07,UK/EUROPE - UK,Consultant I,07-Grade 7,AD,Onsite,On Project - Partial,"AP,AR",60837
8178,Open,AMEA,Wilson-Shaw,Impl,2024-11-07,HCM,Offshore,Onboarding Journeys,G10,2025-10-01,2026-07-31,0.7,david67@example.com,Katie,Delgado,2020-11-06,UK/EUROPE - UK,Consultant I,09-Grade 9,ERP Finance,Offshore,Bench,"Core HR,Talent",31579
9792,Staffed,EUK,Fowler-Barry,CEMS,2024-08-09,FIN,Onsite,Onboarding Journeys,G8,2025-05-20,2026-11-28,0.6,swilliams@example.org,Michael,Lynn,2022-07-28,NA,Consultant II,T2-Programmer Trainee,ERP Finance,Offshore,On Project - Partial,"AP,AR",62639
5728,Open,NA,"Williams, Nichols and Gray",Impl,2024-10-05,HCM,Onsite,"Core HR,Talent",G8,2025-12-12,2026-03-29,0.9,pattonjeffrey@example.com,Maureen,Butler,2024-07-07,UK/EUROPE - UK,Consultant I,07-Grade 7,AD,Onsite,On Project - Partial,"AP,AR",60837
8693,Open,NA,"Long, Ross and Anthony",Impl,2024-02-02,FIN,Offshore,"ORC, Core HR, Absence, Benefits, Talent and Compensation.",G6,2025-10-30,2026-04-01,0.6,jacqueline72@example.org,Jamie,Lopez,2019-12-31,AMEA - KSA,Manager II - Projects,05-Grade 5,ERP Finance,Offshore,Freshers Training,"ORC,Talent",74130
8389,Staffed,EUK,"Ball, Keller and Castillo",Impl,2024-04-29,FIN,Onsite,Redwood HCM - Core HR and ORC,T2,2024-12-31,2026-06-15,1.0,fosterlisa@example.net,Brittany,Villa,2022-03-04,UK/EUROPE - UK,Consultant II,10-Grade 9,PRGM,Offshore,On Project - Partial,PM,19848
4180,Open,EUK,Gilbert-Stokes,CEMS,2024-10-25,FIN,Offshore,"ORC, Core HR, Absence, Benefits, Talent and Compensation.",G5,2025-11-25,2026-09-18,0.5,jennifer32@example.net,Christopher,Anderson,2021-11-28,AMEA - KSA,Manager I - Delivery,04-Grade 4,PRGM,Onsite,On Project - Fulltime,PM,82103
6746,Staffed,EUK,Rush-Carson,CEMS,2024-01-07,FIN,Offshore,"ORC, Core HR, Absence, Benefits, Talent and Compensation.",G5,2025-11-12,2026-07-11,0.6,melissa33@example.com,Michael,Hall,2024-01-16,AMEA - KSA,Consultant II,04-Grade 4,HCM,Offshore,Bench,"ORC,Talent",26302
7169,Staffed,AMEA,"Lang, Perry and Duran",CEMS,2024-06-01,HCM,Onsite,"ORC, Core HR, Absence, Benefits, Talent and Compensation.",T2,2025-04-06,2026-11-15,0.7,wortiz@example.com,James,Maldonado,2021-02-24,CORPORATE,Manager II - Projects,05-Grade 5,PRGM,Offshore,On Project - Partial,"Core HR,ORC,Absence",91158
4447,Staffed,NA,Garza-Robinson,CEMS,2024-07-26,HCM,Onsite,Redwood HCM - Core HR and ORC,G5,2025-05-15,2026-02-23,0.6,zacharycruz@example.com,Allison,Phillips,2020-08-01,AMEA - KSA,Manager II - Projects,05-Grade 5,AD,Onsite,On Project - Fulltime,SQL,52149
9733,Staffed,AMEA,"Collier, Elliott and Ali",Impl,2024-01-29,FIN,Offshore,"ORC, Core HR, Absence, Benefits, Talent and Compensation.",G10,2025-02-11,2026-08-23,0.9,cbaker@example.com,Cynthia,Simmons,2021-03-29,AMEA - KSA,Consultant II,T2-Programmer Trainee,AD,Onsite,Freshers Training,"Core HR,Talent",75438
7736,Staffed,AMEA,Ramirez-Wilson,Impl,2024-08-03,FIN,Onsite,Onboarding Journeys,T2,2025-08-10,2026-09-04,0.6,tracymccormick@example.net,Annette,Parker,2023-09-11,UK/EUROPE - UK,Associate Consultant,04-Grade 4,AD,Onsite,On Project - Partial,PM,89991
1816,Open,EUK,"Moore, Parsons and Scott",Impl,2024-07-19,HCM,Onsite,Core HR & Payroll,G8,2025-03-04,2026-04-28,0.7,bradleyconnie@example.com,Amanda,Johnson,2021-11-07,UK/EUROPE - UK,Associate Consultant,05-Grade 5,SCM,Onsite,On Project - Partial,SQL,14407
4940,Staffed,AMEA,"Schultz, Morgan and Moses",Impl,2024-03-07,HCM,Onsite,Redwood HCM - Core HR and ORC,G6,2025-01-06,2026-06-13,0.7,craig96@example.org,Clarence,Adams,2021-06-05,CORPORATE,Sr. Consultant II,05-Grade 5,AD,Offshore,On Project - Partial,"Core HR,ORC,Absence",22534
6055,Open,NA,Brown LLC,CEMS,2024-11-11,FIN,Onsite,Onboarding Journeys,T2,2025-04-18,2026-11-07,1.0,debbiewilcox@example.org,Jeffery,Jones,2024-07-01,CORPORATE,Sr. Consultant II,07-Grade 7,SCM,Onsite,Bench,PM,66959
4198,Open,NA,Mclaughlin Ltd,Impl,2024-07-12,HCM,Offshore,"Core HR,Talent",G6,2025-02-15,2026-01-08,1.0,ashort@example.com,Laura,Holmes,2020-12-07,CORPORATE,Sr. Consultant II,T2-Programmer Trainee,SCM,Offshore,Freshers Training,"AP,AR",93356
2092,Staffed,NA,Mcgee-Bartlett,CEMS,2024-08-06,HCM,Onsite,"Core HR,Talent",T2,2025-08-28,2026-11-29,0.7,hblanchard@example.org,Emily,Reyes,2020-04-26,AMEA - KSA,Associate Consultant,09-Grade 9,PRGM,Offshore,Freshers Training,PM,66850
5862,Staffed,EUK,Davis Ltd,CEMS,2024-07-12,HCM,Onsite,"Core HR,Talent",G8,2025-07-07,2026-08-31,0.6,martinezlindsey@example.org,Michelle,Gibson,2020-11-26,AMEA - KSA,Associate Consultant,T2-Programmer Trainee,HCM,Onsite,On Project - Partial,"Core HR,Talent",26537
6876,Open,NA,"Kennedy, Rogers and Kennedy",CEMS,2024-08-14,FIN,Onsite,Core HR & Payroll,T2,2025-08-06,2026-10-23,0.8,lisafoster@example.com,Anthony,Burnett,2022-11-10,CORPORATE,Consultant II,04-Grade 4,HCM,Offshore,On Project - Partial,"Core HR,Talent",89401
9136,Staffed,AMEA,Wang Group,CEMS,2024-11-10,HCM,Onsite,"Core HR,Talent",G6,2025-02-10,2026-06-14,0.9,meganhenry@example.com,Dawn,Spencer,2023-02-01,UK/EUROPE - UK,Consultant I,T2-Programmer Trainee,HCM,Offshore,Freshers Training,"Core HR,Talent",65895
7714,Open,AMEA,Leon and Sons,Impl,2024-07-20,FIN,Offshore,Redwood HCM - Core HR and ORC,G6,2025-04-14,2026-04-15,0.9,jennifer56@example.org,Kevin,Kennedy,2022-03-31,NA,Consultant I,04-Grade 4,SCM,Offshore,Freshers Training,SQL,16888
7469,Staffed,EUK,Alvarez Ltd,Impl,2024-10-31,HCM,Offshore,Redwood HCM - Core HR and ORC,G6,2025-07-28,2026-08-07,0.6,jennifer56@example.org,Kevin,Kennedy,2022-03-31,NA,Consultant I,04-Grade 4,SCM,Offshore,Freshers Training,SQL,16888
8377,Open,NA,Rowe LLC,CEMS,2024-09-24,HCM,Offshore,"Core HR,Talent",G5,2025-12-10,2026-09-27,0.9,tsutton@example.net,Christopher,Douglas,2021-04-21,NA,Manager I - Delivery,10-Grade 9,SCM,Offshore,Freshers Training,"ORC,Talent",78416
6797,Staffed,NA,Robinson-King,CEMS,2024-04-14,HCM,Onsite,"ORC, Core HR, Absence, Benefits, Talent and Compensation.",G10,2025-02-07,2026-07-31,0.7,dalvarez@example.com,Kevin,Mills,2022-03-29,CORPORATE,Manager I - Delivery,04-Grade 4,ERP Finance,Onsite,On Project - Partial,SQL,32893
9497,Staffed,EUK,"White, Rodriguez and Weaver",CEMS,2024-02-14,FIN,Onsite,"Core HR,Talent",G5,2025-07-14,2026-01-15,0.9,daniel56@example.net,Kyle,Greene,2024-06-27,UK/EUROPE - UK,Consultant II,04-Grade 4,SCM,Offshore,Freshers Training,"ORC,Talent",20810
2564,Open,AMEA,"Hamilton, Zamora and Boyle",CEMS,2024-10-19,FIN,Onsite,Core HR & Payroll,T2,2025-11-28,2026-08-26,0.5,ruthdonaldson@example.net,Carla,Solis,2023-01-31,AMEA - KSA,Associate Consultant,09-Grade 9,ERP Finance,Onsite,On Project - Fulltime,"Core HR,Talent",98435
7681,Staffed,AMEA,"Rodriguez, Leon and Tanner",Impl,2024-07-18,FIN,Offshore,Redwood HCM - Core HR and ORC,G5,2024-12-16,2026-12-12,0.9,pattonjeffrey@example.com,Maureen,Butler,2024-07-07,UK/EUROPE - UK,Consultant I,07-Grade 7,AD,Onsite,On Project - Partial,"AP,AR",60837
8445,Open,AMEA,Raymond Group,CEMS,2024-12-12,FIN,Offshore,Core HR & Payroll,G10,2025-09-23,2026-01-19,1.0,katherine11@example.org,Stephanie,Barnett,2020-04-12,UK/EUROPE - UK,Sr. Consultant II,05-Grade 5,AD,Onsite,On Project - Partial,"ORC,Talent",77020
2085,Open,EUK,"Porter, Goodwin and Castro",Impl,2024-12-02,FIN,Onsite,Onboarding Journeys,G5,2025-12-01,2026-03-01,1.0,smithharold@example.org,William,Williams,2021-04-15,NA,Sr. Consultant II,T2-Programmer Trainee,ERP Finance,Onsite,On Project - Fulltime,"ORC,Talent",13245
1619,Staffed,NA,"Marshall, Conner and Newman",CEMS,2024-01-03,HCM,Offshore,Core HR & Payroll,T2,2025-04-12,2026-05-21,0.7,marshallleslie@example.org,Timothy,Fox,2021-10-07,CORPORATE,Manager I - Delivery,04-Grade 4,PRGM,Offshore,Bench,SQL,17975
1546,Staffed,AMEA,Martinez-Castro,Impl,2024-03-29,HCM,Offshore,Redwood HCM - Core HR and ORC,G6,2024-12-27,2026-03-27,0.5,sloanmichele@example.com,Mariah,Burns,2022-09-08,AMEA - KSA,Manager I - Delivery,07-Grade 7,AD,Onsite,On Project - Partial,"AP,AR",69301
9217,Staffed,NA,"Pena, Mcneil and Bailey",Impl,2024-11-12,HCM,Onsite,"ORC, Core HR, Absence, Benefits, Talent and Compensation.",T2,2025-05-12,2026-08-16,0.9,larryoneill@example.com,Cynthia,Mcintyre,2024-11-22,UK/EUROPE - UK,Manager II - Projects,10-Grade 9,PRGM,Offshore,Bench,"Core HR,ORC,Absence",75361
3006,Staffed,EUK,"Martinez, Woodward and Allen",CEMS,2023-12-15,HCM,Onsite,"ORC, Core HR, Absence, Benefits, Talent and Compensation.",T2,2025-07-30,2026-04-14,0.7,isampson@example.com,Samantha,Charles,2022-07-29,AMEA - KSA,Consultant I,10-Grade 9,ERP Finance,Onsite,Freshers Training,SQL,18182
5931,Staffed,AMEA,Ferguson-Gomez,Impl,2024-03-09,HCM,Offshore,"ORC, Core HR, Absence, Benefits, Talent and Compensation.",T2,2025-12-10,2026-01-04,0.6,xmueller@example.com,Jose,Kline,2023-02-28,NA,Manager I - Delivery,T2-Programmer Trainee,SCM,Onsite,Bench,PM,99360
5876,Staffed,EUK,Barnett LLC,CEMS,2024-11-12,HCM,Onsite,Core HR & Payroll,G10,2025-01-07,2026-09-14,0.8,david41@example.net,Melinda,Fuller,2024-01-29,AMEA - KSA,Manager I - Delivery,04-Grade 4,AD,Offshore,On Project - Partial,"ORC,Talent",81734
7868,Staffed,NA,"Harris, Dean and Reese",CEMS,2024-04-07,HCM,Onsite,Onboarding Journeys,G10,2025-01-03,2025-12-20,1.0,seancruz@example.com,Danny,Mayo,2024-12-03,AMEA - KSA,Manager I - Delivery,10-Grade 9,AD,Offshore,Freshers Training,PM,61094
5659,Open,NA,Smith-Brown,CEMS,2024-03-08,HCM,Onsite,"Core HR,Talent",G10,2025-03-02,2026-06-10,0.9,isampson@example.com,Samantha,Charles,2022-07-29,AMEA - KSA,Consultant I,10-Grade 9,ERP Finance,Onsite,Freshers Training,SQL,18182
3358,Open,EUK,Clark-Gibson,Impl,2024-12-02,FIN,Offshore,"ORC, Core HR, Absence, Benefits, Talent and Compensation.",T2,2025-01-03,2026-04-28,0.9,rlane@example.org,Maria,Daugherty,2021-02-26,UK/EUROPE - UK,Consultant II,10-Grade 9,PRGM,Offshore,Bench,PM,26375
5577,Staffed,NA,Schroeder-Simmons,Impl,2024-05-20,FIN,Onsite,"ORC, Core HR, Absence, Benefits, Talent and Compensation.",G6,2025-03-01,2026-01-15,1.0,amanda64@example.com,Michelle,Allen,2024-03-23,UK/EUROPE - UK,Manager II - Projects,10-Grade 9,HCM,Offshore,On Project - Partial,"AP,AR",76300
5787,Staffed,AMEA,Ortiz Ltd,CEMS,2024-05-07,FIN,Onsite,Redwood HCM - Core HR and ORC,G10,2025-07-28,2026-11-22,1.0,sherryhernandez@example.net,Connie,Benson,2019-12-23,UK/EUROPE - UK,Consultant I,09-Grade 9,HCM,Onsite,On Project - Fulltime,PM,69017
9361,Open,NA,Nguyen PLC,Impl,2024-11-09,HCM,Offshore,Redwood HCM - Core HR and ORC,T2,2025-05-14,2026-05-13,0.6,cbaker@example.com,Cynthia,Simmons,2021-03-29,AMEA - KSA,Consultant II,T2-Programmer Trainee,AD,Onsite,Freshers Training,"Core HR,Talent",75438
7071,Open,NA,Martin-Sanchez,Impl,2024-11-26,FIN,Offshore,"ORC, Core HR, Absence, Benefits, Talent and Compensation.",T2,2025-10-25,2026-06-12,1.0,jacksoncharles@example.org,Michelle,Schneider,2022-07-07,AMEA - KSA,Associate Consultant,07-Grade 7,SCM,Onsite,Freshers Training,"AP,AR",43854
3056,Staffed,NA,"Cruz, Myers and Gross",Impl,2024-04-13,HCM,Offshore,"ORC, Core HR, Absence, Benefits, Talent and Compensation.",G5,2025-08-09,2026-02-03,0.8,geraldmoran@example.org,Timothy,Kennedy,2020-12-07,UK/EUROPE - UK,Manager II - Projects,07-Grade 7,HCM,Onsite,Bench,"Core HR,Talent",96445
4083,Open,EUK,Donovan Inc,CEMS,2024-04-30,FIN,Offshore,Core HR & Payroll,G10,2025-08-18,2026-01-14,0.9,vjones@example.com,Crystal,Walton,2024-04-26,NA,Consultant II,04-Grade 4,ERP Finance,Onsite,Freshers Training,"Core HR,Talent",18208
2557,Open,AMEA,Marquez-Robinson,CEMS,2024-02-15,FIN,Offshore,Onboarding Journeys,G10,2025-07-14,2026-05-02,0.9,lisarosales@example.net,Andrew,Carter,2023-04-03,AMEA - KSA,Sr. Consultant II,09-Grade 9,HCM,Offshore,On Project - Partial,PM,54620
2751,Staffed,NA,"Brady, Cruz and Pratt",CEMS,2024-07-30,FIN,Offshore,Core HR & Payroll,G6,2024-12-29,2026-02-14,0.6,millerryan@example.net,Melissa,Jones,2023-01-16,CORPORATE,Consultant I,07-Grade 7,AD,Offshore,On Project - Fulltime,"Core HR,Talent",34600
7504,Open,EUK,"Wang, Curry and Black",Impl,2024-04-29,FIN,Onsite,Redwood HCM - Core HR and ORC,G8,2025-06-16,2026-02-15,0.9,ftorres@example.net,Carlos,Salinas,2020-05-28,NA,Manager I - Delivery,05-Grade 5,AD,Offshore,On Project - Fulltime,PM,32118
7412,Open,NA,"Frost, Franklin and Browning",Impl,2024-08-16,FIN,Onsite,Onboarding Journeys,T2,2025-07-03,2026-02-19,0.6,patricia90@example.com,Joseph,Estrada,2021-01-16,NA,Consultant II,04-Grade 4,PRGM,Onsite,On Project - Fulltime,SQL,36640
5623,Staffed,AMEA,Burke Group,CEMS,2024-11-12,HCM,Onsite,Onboarding Journeys,G6,2025-10-06,2026-03-22,0.6,ksmith@example.com,Amanda,Castro,2020-09-24,NA,Associate Consultant,05-Grade 5,SCM,Onsite,On Project - Partial,"Core HR,ORC,Absence",28175
6132,Open,EUK,Flores-Williams,CEMS,2024-03-15,HCM,Onsite,"ORC, Core HR, Absence, Benefits, Talent and Compensation.",G5,2025-03-01,2026-12-04,0.9,marshallleslie@example.org,Timothy,Fox,2021-10-07,CORPORATE,Manager I - Delivery,04-Grade 4,PRGM,Offshore,Bench,SQL,17975
2448,Open,AMEA,"Gutierrez, Garza and Kelly",CEMS,2024-01-17,HCM,Onsite,"ORC, Core HR, Absence, Benefits, Talent and Compensation.",G10,2025-05-21,2025-12-15,0.7,pattonjeffrey@example.com,Maureen,Butler,2024-07-07,UK/EUROPE - UK,Consultant I,07-Grade 7,AD,Onsite,On Project - Partial,"AP,AR",60837
4302,Staffed,NA,Wang and Sons,CEMS,2024-07-08,HCM,Offshore,"Core HR,Talent",T2,2025-04-29,2026-11-25,0.9,hchoi@example.net,Patrick,Brown,2019-12-19,UK/EUROPE - UK,Associate Consultant,09-Grade 9,ERP Finance,Onsite,On Project - Fulltime,"ORC,Talent",89379
1199,Staffed,AMEA,Walter and Sons,CEMS,2024-10-13,HCM,Offshore,"ORC, Core HR, Absence, Benefits, Talent and Compensation.",G5,2025-07-24,2026-02-18,0.7,joseph92@example.com,Juan,Jackson,2023-10-29,AMEA - KSA,Manager II - Projects,04-Grade 4,AD,Offshore,On Project - Fulltime,"Core HR,Talent",48599
5782,Open,AMEA,Bennett-Miller,CEMS,2024-09-09,FIN,Offshore,"ORC, Core HR, Absence, Benefits, Talent and Compensation.",T2,2025-05-06,2026-08-08,0.9,rrasmussen@example.com,Luke,Burke,2024-07-28,UK/EUROPE - UK,Sr. Consultant II,04-Grade 4,AD,Offshore,On Project - Fulltime,"Core HR,ORC,Absence",10890
9300,Staffed,AMEA,Aguirre PLC,CEMS,2024-09-16,FIN,Offshore,Core HR & Payroll,G6,2025-02-20,2026-01-25,0.6,tina64@example.net,Paul,Guzman,2021-03-01,AMEA - KSA,Consultant I,07-Grade 7,HCM,Offshore,Bench,"AP,AR",82231
5491,Staffed,AMEA,Hill Ltd,Impl,2024-05-20,HCM,Onsite,Redwood HCM - Core HR and ORC,G8,2025-10-15,2026-09-03,0.7,fosterlisa@example.net,Brittany,Villa,2022-03-04,UK/EUROPE - UK,Consultant II,10-Grade 9,PRGM,Offshore,On Project - Partial,PM,19848
7489,Staffed,NA,Nguyen-Mitchell,CEMS,2024-08-01,FIN,Onsite,Core HR & Payroll,G5,2025-01-21,2026-03-09,0.6,ucollins@example.net,Kimberly,Anderson,2023-03-12,UK/EUROPE - UK,Sr. Consultant II,09-Grade 9,PRGM,Onsite,On Project - Partial,"Core HR,ORC,Absence",13248
8861,Staffed,AMEA,Miller-Carter,Impl,2024-02-24,FIN,Offshore,Redwood HCM - Core HR and ORC,G8,2025-02-03,2026-06-17,0.8,ashort@example.com,Laura,Holmes,2020-12-07,CORPORATE,Sr. Consultant II,T2-Programmer Trainee,SCM,Offshore,Freshers Training,"AP,AR",93356
4846,Staffed,EUK,Graham Ltd,CEMS,2024-03-05,FIN,Onsite,Core HR & Payroll,G10,2025-04-04,2026-01-11,0.7,kthomas@example.com,Jacob,Little,2020-03-29,NA,Manager II - Projects,T2-Programmer Trainee,HCM,Offshore,On Project - Fulltime,SQL,17626
3088,Staffed,EUK,Sanchez-Lucas,CEMS,2024-10-17,FIN,Offshore,Core HR & Payroll,T2,2025-06-25,2026-05-05,0.8,ronalddavis@example.org,Lisa,Garcia,2022-05-13,NA,Sr. Consultant II,10-Grade 9,ERP Finance,Onsite,Freshers Training,SQL,88830
1573,Open,NA,"Miller, May and Nelson",CEMS,2024-04-30,HCM,Offshore,"ORC, Core HR, Absence, Benefits, Talent and Compensation.",G5,2025-09-02,2026-07-04,0.9,yavila@example.net,Timothy,Carter,2022-12-19,UK/EUROPE - UK,Associate Consultant,04-Grade 4,PRGM,Offshore,On Project - Fulltime,SQL,86080
2691,Staffed,NA,Hudson Ltd,Impl,2024-10-25,HCM,Onsite,Core HR & Payroll,G8,2025-02-06,2026-02-22,0.7,david41@example.net,Melinda,Fuller,2024-01-29,AMEA - KSA,Manager I - Delivery,04-Grade 4,AD,Offshore,On Project - Partial,"ORC,Talent",81734
4347,Open,NA,Young-Thomas,Impl,2024-08-31,FIN,Offshore,"ORC, Core HR, Absence, Benefits, Talent and Compensation.",G8,2025-11-27,2026-06-14,0.6,scottjames@example.org,David,Roberts,2022-09-05,CORPORATE,Consultant II,07-Grade 7,HCM,Offshore,Freshers Training,"ORC,Talent",49518
9255,Open,NA,"Hardin, Wright and Casey",CEMS,2024-08-23,FIN,Offshore,"Core HR,Talent",G5,2025-05-25,2026-01-03,0.7,alyssahanson@example.net,Cory,Hubbard,2024-04-17,AMEA - KSA,Consultant II,09-Grade 9,SCM,Offshore,On Project - Partial,PM,49856
3884,Open,EUK,Garner-Roberts,CEMS,2024-10-14,HCM,Onsite,"Core HR,Talent",G6,2025-05-02,2026-01-14,0.6,brandon91@example.net,Angela,Brown,2020-12-16,CORPORATE,Associate Consultant,10-Grade 9,ERP Finance,Offshore,Bench,"AP,AR",33920
9826,Staffed,AMEA,"Johnson, Whitaker and Miller",Impl,2024-07-04,FIN,Onsite,Redwood HCM - Core HR and ORC,T2,2025-05-22,2026-07-07,1.0,zacharycruz@example.com,Allison,Phillips,2020-08-01,AMEA - KSA,Manager II - Projects,05-Grade 5,AD,Onsite,On Project - Fulltime,SQL,52149
1042,Open,NA,Knight and Sons,Impl,2024-08-15,FIN,Offshore,"ORC, Core HR, Absence, Benefits, Talent and Compensation.",T2,2025-10-04,2026-04-13,0.7,ijohnson@example.org,Kyle,Hudson,2023-01-24,CORPORATE,Consultant II,10-Grade 9,PRGM,Onsite,Freshers Training,"ORC,Talent",13718
1107,Staffed,EUK,Williams-Bell,Impl,2024-09-05,HCM,Offshore,"ORC, Core HR, Absence, Benefits, Talent and Compensation.",G5,2025-11-17,2026-02-04,0.9,anthonymoore@example.org,Michael,Bauer,2019-12-30,CORPORATE,Consultant I,05-Grade 5,SCM,Offshore,Bench,"Core HR,Talent",66662
8962,Open,NA,"Romero, Jones and Evans",CEMS,2024-02-15,HCM,Offshore,Core HR & Payroll,G6,2025-09-13,2026-03-26,0.6,qmadden@example.net,Derrick,Johns,2024-05-14,UK/EUROPE - UK,Manager I - Delivery,T2-Programmer Trainee,ERP Finance,Offshore,On Project - Fulltime,"AP,AR",18481
2085,Open,NA,"Reyes, Leonard and Cantu",CEMS,2023-12-21,FIN,Offshore,"ORC, Core HR, Absence, Benefits, Talent and Compensation.",G6,2025-11-22,2026-10-17,0.6,riosdawn@example.com,Lisa,Hicks,2021-07-30,CORPORATE,Consultant II,05-Grade 5,ERP Finance,Onsite,On Project - Fulltime,"ORC,Talent",72698
8582,Staffed,AMEA,Hall-Heath,Impl,2024-02-08,HCM,Offshore,Redwood HCM - Core HR and ORC,G8,2025-04-12,2026-03-20,0.8,iowen@example.com,Laurie,Waller,2020-04-15,UK/EUROPE - UK,Consultant I,07-Grade 7,AD,Offshore,On Project - Partial,"ORC,Talent",11250
3453,Open,AMEA,"Johnson, Hansen and Acevedo",Impl,2024-01-01,HCM,Offshore,"Core HR,Talent",G10,2025-12-10,2026-04-16,0.8,aaron53@example.org,Sherri,Rhodes,2020-04-17,CORPORATE,Associate Consultant,07-Grade 7,AD,Offshore,Bench,"Core HR,Talent",26732
6242,Open,NA,Mendoza and Sons,CEMS,2024-07-01,HCM,Onsite,Redwood HCM - Core HR and ORC,T2,2025-04-27,2026-08-30,0.9,ashleyjensen@example.net,Eric,Garcia,2021-04-01,NA,Sr. Consultant II,04-Grade 4,SCM,Onsite,On Project - Partial,PM,96871
7295,Open,AMEA,Pollard-Roy,CEMS,2024-11-29,HCM,Offshore,Core HR & Payroll,G10,2025-04-27,2026-07-17,0.7,vasquezapril@example.org,Samantha,Warren,2021-06-10,AMEA - KSA,Consultant II,05-Grade 5,HCM,Offshore,On Project - Fulltime,"AP,AR",20397
1194,Open,NA,Sanchez Inc,Impl,2024-09-08,HCM,Offshore,"ORC, Core HR, Absence, Benefits, Talent and Compensation.",G8,2025-12-12,2026-07-18,0.7,russojoyce@example.net,Richard,Adams,2022-03-24,AMEA - KSA,Sr. Consultant II,09-Grade 9,PRGM,Onsite,Freshers Training,"Core HR,ORC,Absence",65171
9325,Open,EUK,Andersen-Patterson,CEMS,2024-07-03,FIN,Onsite,"Core HR,Talent",G5,2025-06-15,2026-02-21,0.8,bmitchell@example.org,Charles,Jarvis,2020-05-09,NA,Manager I - Delivery,T2-Programmer Trainee,AD,Onsite,On Project - Partial,"ORC,Talent",98604
6080,Staffed,NA,"Davis, Perry and Rodriguez",CEMS,2024-12-01,HCM,Offshore,Redwood HCM - Core HR and ORC,T2,2025-06-11,2026-03-17,0.7,websterchristian@example.org,Molly,Cox,2020-12-26,AMEA - KSA,Consultant II,09-Grade 9,ERP Finance,Onsite,On Project - Fulltime,"Core HR,ORC,Absence",51509
1509,Staffed,EUK,Johnson-Roberson,Impl,2024-08-04,HCM,Offshore,"ORC, Core HR, Absence, Benefits, Talent and Compensation.",G10,2025-11-03,2026-11-07,0.6,williamsapril@example.net,Jenny,Johnson,2023-07-16,CORPORATE,Consultant I,09-Grade 9,SCM,Offshore,On Project - Partial,SQL,98592
6230,Staffed,EUK,Mcclure and Sons,Impl,2024-11-02,FIN,Offshore,"Core HR,Talent",G5,2025-05-28,2026-11-01,0.8,maryhenry@example.net,Michael,Lewis,2020-02-24,UK/EUROPE - UK,Associate Consultant,10-Grade 9,PRGM,Offshore,On Project - Fulltime,"Core HR,Talent",84334
6820,Open,EUK,"Harvey, Chavez and Howard",CEMS,2024-01-15,FIN,Offshore,Onboarding Journeys,G6,2025-07-21,2026-04-08,0.6,ucollins@example.net,Kimberly,Anderson,2023-03-12,UK/EUROPE - UK,Sr. Consultant II,09-Grade 9,PRGM,Onsite,On Project - Partial,"Core HR,ORC,Absence",13248
1059,Staffed,AMEA,"Hansen, Powers and Guzman",Impl,2024-10-27,FIN,Onsite,"Core HR,Talent",G8,2025-03-13,2026-02-27,0.9,lisafoster@example.com,Anthony,Burnett,2022-11-10,CORPORATE,Consultant II,04-Grade 4,HCM,Offshore,On Project - Partial,"Core HR,Talent",89401
4054,Staffed,AMEA,Farrell LLC,CEMS,2024-03-04,HCM,Onsite,"ORC, Core HR, Absence, Benefits, Talent and Compensation.",T2,2025-05-15,2026-04-18,0.5,amandamartin@example.net,Summer,Payne,2020-05-19,CORPORATE,Consultant I,10-Grade 9,SCM,Offshore,On Project - Fulltime,"Core HR,Talent",57722
6887,Staffed,AMEA,"Williams, Larsen and Price",Impl,2024-06-09,FIN,Offshore,Onboarding Journeys,G6,2025-06-16,2026-10-21,1.0,karensalazar@example.net,Kaylee,Ford,2023-01-06,CORPORATE,Sr. Consultant II,10-Grade 9,HCM,Offshore,Freshers Training,PM,61730
1705,Staffed,NA,Avery-Watkins,Impl,2024-06-19,FIN,Offshore,"Core HR,Talent",G8,2025-04-02,2026-08-07,0.9,lisarosales@example.net,Andrew,Carter,2023-04-03,AMEA - KSA,Sr. Consultant II,09-Grade 9,HCM,Offshore,On Project - Partial,PM,54620
7129,Staffed,EUK,Chung-Daniels,Impl,2024-04-16,FIN,Onsite,Onboarding Journeys,T2,2024-12-15,2026-10-30,0.8,donna68@example.org,Cheryl,Gilmore,2023-08-29,NA,Sr. Consultant II,T2-Programmer Trainee,ERP Finance,Onsite,On Project - Fulltime,SQL,11459
1615,Open,AMEA,Watkins LLC,CEMS,2024-07-05,HCM,Offshore,"ORC, Core HR, Absence, Benefits, Talent and Compensation.",G6,2025-04-22,2026-06-16,0.8,bradleyconnie@example.com,Amanda,Johnson,2021-11-07,UK/EUROPE - UK,Associate Consultant,05-Grade 5,SCM,Onsite,On Project - Partial,SQL,14407
1645,Open,AMEA,Whitehead-Smith,Impl,2024-08-19,FIN,Onsite,"Core HR,Talent",T2,2025-07-11,2026-11-19,0.9,vwilson@example.org,Randy,Thompson,2023-01-09,AMEA - KSA,Consultant I,07-Grade 7,AD,Onsite,On Project - Fulltime,PM,48512
7366,Open,EUK,Davis Inc,Impl,2024-10-13,FIN,Offshore,"Core HR,Talent",G10,2025-01-25,2026-10-03,0.7,campbellbrian@example.net,Sydney,Miller,2021-10-17,CORPORATE,Consultant I,10-Grade 9,PRGM,Offshore,On Project - Fulltime,"AP,AR",73849
3995,Staffed,AMEA,Collier and Sons,CEMS,2024-07-03,FIN,Offshore,"ORC, Core HR, Absence, Benefits, Talent and Compensation.",G8,2025-06-17,2026-11-29,0.9,alexanderkeith@example.com,Ashlee,White,2020-01-09,CORPORATE,Sr. Consultant II,05-Grade 5,HCM,Offshore,On Project - Fulltime,"AP,AR",12864
2945,Open,AMEA,"Malone, Burke and Mendoza",CEMS,2024-03-04,FIN,Onsite,Onboarding Journeys,G6,2025-02-03,2026-10-26,0.9,patricia90@example.com,Joseph,Estrada,2021-01-16,NA,Consultant II,04-Grade 4,PRGM,Onsite,On Project - Fulltime,SQL,36640
4766,Open,AMEA,"Andersen, Hardy and Pruitt",CEMS,2024-08-27,FIN,Offshore,Core HR & Payroll,G6,2025-05-22,2026-01-12,0.9,jacqueline72@example.org,Jamie,Lopez,2019-12-31,AMEA - KSA,Manager II - Projects,05-Grade 5,ERP Finance,Offshore,Freshers Training,"ORC,Talent",74130
8067,Staffed,EUK,"Lindsey, Richardson and Good",CEMS,2024-01-02,FIN,Offshore,Core HR & Payroll,G6,2025-04-03,2026-05-21,0.8,jennifergriffin@example.com,Brett,Tucker,2024-06-14,AMEA - KSA,Manager I - Delivery,09-Grade 9,ERP Finance,Offshore,Freshers Training,PM,86147
1796,Staffed,EUK,Williams Ltd,CEMS,2024-04-20,HCM,Onsite,Onboarding Journeys,G5,2025-01-10,2026-10-14,0.8,castrotheresa@example.net,Michelle,Moore,2024-03-08,UK/EUROPE - UK,Consultant II,10-Grade 9,ERP Finance,Onsite,Freshers Training,SQL,96491
1447,Open,AMEA,Thomas-Allen,CEMS,2024-02-26,HCM,Onsite,Redwood HCM - Core HR and ORC,G10,2025-11-19,2026-04-24,0.6,donna68@example.org,Cheryl,Gilmore,2023-08-29,NA,Sr. Consultant II,T2-Programmer Trainee,ERP Finance,Onsite,On Project - Fulltime,SQL,11459
6811,Staffed,NA,"Carroll, Adams and Hampton",CEMS,2024-01-26,FIN,Onsite,Redwood HCM - Core HR and ORC,G10,2024-12-29,2026-08-14,0.7,allison77@example.com,Pamela,Melton,2021-05-06,CORPORATE,Associate Consultant,07-Grade 7,SCM,Onsite,Bench,SQL,90894
3071,Staffed,NA,"Burns, Noble and Cannon",Impl,2024-02-07,FIN,Offshore,Onboarding Journeys,T2,2025-04-15,2026-03-27,0.8,bradleyconnie@example.com,Amanda,Johnson,2021-11-07,UK/EUROPE - UK,Associate Consultant,05-Grade 5,SCM,Onsite,On Project - Partial,SQL,14407
9322,Open,NA,Petersen-Brown,CEMS,2023-12-28,HCM,Offshore,Redwood HCM - Core HR and ORC,G8,2025-05-27,2026-05-26,0.8,quinnkeith@example.com,Tyler,Harris,2021-04-14,AMEA - KSA,Manager I - Delivery,05-Grade 5,AD,Onsite,On Project - Partial,"AP,AR",91976
2142,Staffed,EUK,Ryan-Rivera,CEMS,2024-10-26,HCM,Offshore,Onboarding Journeys,G5,2025-03-06,2026-02-11,0.8,sherryhernandez@example.net,Connie,Benson,2019-12-23,UK/EUROPE - UK,Consultant I,09-Grade 9,HCM,Onsite,On Project - Fulltime,PM,69017
9946,Open,EUK,Frey Group,CEMS,2024-11-20,HCM,Onsite,Redwood HCM - Core HR and ORC,G8,2025-09-30,2026-11-09,0.5,torresphilip@example.net,Scott,Carson,2022-10-03,NA,Associate Consultant,07-Grade 7,PRGM,Onsite,Freshers Training,"Core HR,ORC,Absence",76596
4315,Staffed,NA,"Ruiz, Johnson and Simmons",CEMS,2024-08-29,HCM,Offshore,"Core HR,Talent",G8,2025-10-28,2026-09-29,0.5,kimberly96@example.net,Heather,Terry,2024-05-19,CORPORATE,Consultant I,05-Grade 5,SCM,Onsite,Freshers Training,"Core HR,Talent",50282
5297,Open,NA,"Murphy, Evans and Silva",CEMS,2024-01-24,HCM,Offshore,"ORC, Core HR, Absence, Benefits, Talent and Compensation.",T2,2025-10-28,2026-05-29,0.9,katherine11@example.org,Stephanie,Barnett,2020-04-12,UK/EUROPE - UK,Sr. Consultant II,05-Grade 5,AD,Onsite,On Project - Partial,"ORC,Talent",77020
7725,Open,EUK,Moody-Allen,CEMS,2023-12-24,HCM,Offshore,Onboarding Journeys,G10,2025-09-03,2026-02-23,0.7,meganhenry@example.com,Dawn,Spencer,2023-02-01,UK/EUROPE - UK,Consultant I,T2-Programmer Trainee,HCM,Offshore,Freshers Training,"Core HR,Talent",65895
9357,Open,AMEA,"White, Shields and Holmes",Impl,2024-01-17,FIN,Offshore,"Core HR,Talent",G10,2025-02-25,2026-01-27,0.8,diaztyler@example.com,Rachel,Allen,2023-08-11,AMEA - KSA,Sr. Consultant II,09-Grade 9,ERP Finance,Onsite,On Project - Fulltime,"Core HR,ORC,Absence",10582
7484,Open,EUK,Cuevas and Sons,Impl,2024-04-07,HCM,Onsite,Redwood HCM - Core HR and ORC,G8,2025-04-29,2026-03-23,0.6,emma55@example.com,Brian,Graham,2021-07-29,CORPORATE,Manager I - Delivery,04-Grade 4,HCM,Offshore,Freshers Training,"AP,AR",41331
8300,Staffed,AMEA,Johnson Inc,Impl,2024-02-06,HCM,Onsite,Onboarding Journeys,G6,2025-09-04,2026-01-21,0.8,odavis@example.com,Robert,Friedman,2022-06-03,AMEA - KSA,Consultant II,04-Grade 4,PRGM,Offshore,On Project - Partial,PM,60050
9134,Open,AMEA,"Vega, Black and Newman",Impl,2024-06-10,FIN,Onsite,"Core HR,Talent",T2,2025-07-28,2026-02-28,0.5,martinezlindsey@example.org,Michelle,Gibson,2020-11-26,AMEA - KSA,Associate Consultant,T2-Programmer Trainee,HCM,Onsite,On Project - Partial,"Core HR,Talent",26537
7049,Staffed,NA,Allen Ltd,Impl,2024-04-02,HCM,Onsite,"ORC, Core HR, Absence, Benefits, Talent and Compensation.",T2,2025-01-20,2026-03-17,0.8,bradleyconnie@example.com,Amanda,Johnson,2021-11-07,UK/EUROPE - UK,Associate Consultant,05-Grade 5,SCM,Onsite,On Project - Partial,SQL,14407
3378,Staffed,NA,"Brown, Murphy and Greer",Impl,2024-07-26,FIN,Onsite,Core HR & Payroll,T2,2025-08-26,2025-12-24,0.5,ftorres@example.net,Carlos,Salinas,2020-05-28,NA,Manager I - Delivery,05-Grade 5,AD,Offshore,On Project - Fulltime,PM,32118
2554,Staffed,EUK,Frank PLC,CEMS,2024-11-09,HCM,Onsite,Onboarding Journeys,G5,2025-09-07,2026-01-13,0.8,meganhenry@example.com,Dawn,Spencer,2023-02-01,UK/EUROPE - UK,Consultant I,T2-Programmer Trainee,HCM,Offshore,Freshers Training,"Core HR,Talent",65895
7879,Staffed,AMEA,Ramirez Ltd,Impl,2024-03-28,HCM,Onsite,"ORC, Core HR, Absence, Benefits, Talent and Compensation.",G6,2025-10-05,2026-11-23,0.7,aaron53@example.org,Sherri,Rhodes,2020-04-17,CORPORATE,Associate Consultant,07-Grade 7,AD,Offshore,Bench,"Core HR,Talent",26732
1298,Open,AMEA,"Hernandez, Lynch and Underwood",CEMS,2024-09-27,HCM,Offshore,"Core HR,Talent",G10,2025-01-18,2026-06-18,1.0,jrobinson@example.com,Richard,Sweeney,2020-01-18,AMEA - KSA,Consultant II,09-Grade 9,AD,Offshore,On Project - Partial,"ORC,Talent",89272
1690,Staffed,AMEA,Park-Cameron,Impl,2024-10-02,HCM,Onsite,Core HR & Payroll,G5,2025-07-13,2026-07-26,1.0,williamsapril@example.net,Jenny,Johnson,2023-07-16,CORPORATE,Consultant I,09-Grade 9,SCM,Offshore,On Project - Partial,SQL,98592
2881,Staffed,EUK,Lane and Sons,CEMS,2024-10-08,FIN,Offshore,Core HR & Payroll,G10,2025-05-27,2026-03-15,0.9,diaztyler@example.com,Rachel,Allen,2023-08-11,AMEA - KSA,Sr. Consultant II,09-Grade 9,ERP Finance,Onsite,On Project - Fulltime,"Core HR,ORC,Absence",10582
3834,Staffed,NA,Hamilton Inc,CEMS,2024-08-28,FIN,Offshore,Onboarding Journeys,G6,2025-05-23,2026-04-18,0.9,matthew35@example.net,Lisa,Stewart,2023-05-30,CORPORATE,Manager II - Projects,09-Grade 9,AD,Onsite,On Project - Fulltime,"ORC,Talent",12854
6992,Open,AMEA,"Smith, Davis and Holden",Impl,2024-04-04,FIN,Onsite,"Core HR,Talent",G10,2025-08-31,2026-04-01,0.9,alyssahanson@example.net,Cory,Hubbard,2024-04-17,AMEA - KSA,Consultant II,09-Grade 9,SCM,Offshore,On Project - Partial,PM,49856
7797,Open,AMEA,"Wilkins, Cook and Evans",CEMS,2024-08-27,FIN,Onsite,"ORC, Core HR, Absence, Benefits, Talent and Compensation.",G5,2025-09-26,2026-08-19,0.9,jacqueline72@example.org,Jamie,Lopez,2019-12-31,AMEA - KSA,Manager II - Projects,05-Grade 5,ERP Finance,Offshore,Freshers Training,"ORC,Talent",74130
7758,Staffed,NA,"Dickerson, Sandoval and Rocha",Impl,2024-09-13,FIN,Offshore,"Core HR,Talent",G8,2025-05-06,2026-04-09,0.9,mark80@example.net,Anna,Russo,2023-06-15,CORPORATE,Manager I - Delivery,T2-Programmer Trainee,AD,Onsite,Bench,"AP,AR",62382
7981,Staffed,AMEA,"Mcconnell, Long and Arellano",CEMS,2024-10-27,HCM,Onsite,Redwood HCM - Core HR and ORC,T2,2024-12-30,2026-01-27,0.8,ftorres@example.net,Carlos,Salinas,2020-05-28,NA,Manager I - Delivery,05-Grade 5,AD,Offshore,On Project - Fulltime,PM,32118
4576,Staffed,EUK,"Diaz, Miles and Hart",CEMS,2024-06-28,HCM,Onsite,Redwood HCM - Core HR and ORC,G6,2025-04-11,2026-02-02,0.8,patricia84@example.net,Evan,Thompson,2022-06-07,CORPORATE,Manager I - Delivery,05-Grade 5,SCM,Onsite,On Project - Fulltime,SQL,80562
2059,Open,EUK,Mckay-Kim,CEMS,2024-02-11,FIN,Offshore,Redwood HCM - Core HR and ORC,G5,2025-02-04,2026-09-15,0.5,kadams@example.net,Heather,Wang,2023-11-08,CORPORATE,Consultant II,09-Grade 9,ERP Finance,Offshore,On Project - Fulltime,"Core HR,ORC,Absence",63560
9800,Staffed,AMEA,Brown-Singleton,CEMS,2024-01-21,HCM,Onsite,"Core HR,Talent",G5,2025-07-26,2026-02-20,0.6,kimberlythompson@example.com,Todd,Johnston,2023-06-23,CORPORATE,Manager II - Projects,T2-Programmer Trainee,ERP Finance,Onsite,On Project - Partial,SQL,88565
7716,Staffed,NA,"Farmer, Warren and Hicks",Impl,2024-03-07,HCM,Offshore,Onboarding Journeys,G10,2024-12-22,2026-03-08,0.6,renee85@example.net,Shawn,Wilson,2023-07-28,UK/EUROPE - UK,Consultant II,07-Grade 7,HCM,Onsite,Bench,"AP,AR",72534
6617,Staffed,EUK,Peterson-Lloyd,Impl,2024-06-29,HCM,Offshore,"ORC, Core HR, Absence, Benefits, Talent and Compensation.",T2,2025-04-10,2026-02-03,0.7,david41@example.net,Melinda,Fuller,2024-01-29,AMEA - KSA,Manager I - Delivery,04-Grade 4,AD,Offshore,On Project - Partial,"ORC,Talent",81734
7029,Staffed,EUK,"Chandler, Clark and Hunter",CEMS,2024-01-01,FIN,Offshore,Onboarding Journeys,G8,2025-09-16,2026-05-25,0.9,emma55@example.com,Brian,Graham,2021-07-29,CORPORATE,Manager I - Delivery,04-Grade 4,HCM,Offshore,Freshers Training,"AP,AR",41331
4258,Open,NA,"Young, Robertson and Pacheco",Impl,2024-05-16,FIN,Offshore,Onboarding Journeys,G5,2025-01-21,2026-09-06,0.8,cynthiacampbell@example.com,Tammy,Morris,2020-02-02,AMEA - KSA,Sr. Consultant II,10-Grade 9,AD,Onsite,On Project - Fulltime,SQL,75375
6927,Open,NA,Bowers-Jones,CEMS,2024-09-25,HCM,Offshore,Onboarding Journeys,T2,2025-08-31,2026-01-17,0.8,sherryhernandez@example.net,Connie,Benson,2019-12-23,UK/EUROPE - UK,Consultant I,09-Grade 9,HCM,Onsite,On Project - Fulltime,PM,69017
8026,Open,AMEA,Baker-Williams,Impl,2024-02-13,HCM,Onsite,Onboarding Journeys,G5,2025-09-15,2026-10-08,0.8,swoods@example.net,Rhonda,Luna,2023-08-17,CORPORATE,Manager I - Delivery,09-Grade 9,SCM,Onsite,On Project - Partial,PM,46145
6274,Open,NA,"Harris, Jackson and Hull",CEMS,2024-09-12,HCM,Offshore,Core HR & Payroll,G5,2025-07-02,2026-10-07,0.6,mark83@example.com,Steven,Donaldson,2023-09-07,AMEA - KSA,Sr. Consultant II,10-Grade 9,PRGM,Onsite,Bench,SQL,27449
8364,Open,EUK,Smith-Hampton,Impl,2024-11-28,FIN,Onsite,"ORC, Core HR, Absence, Benefits, Talent and Compensation.",T2,2024-12-22,2026-04-27,1.0,omann@example.net,Daniel,Rodriguez,2024-05-03,UK/EUROPE - UK,Manager I - Delivery,09-Grade 9,SCM,Onsite,Freshers Training,"ORC,Talent",92034
1631,Staffed,EUK,Walker LLC,Impl,2024-06-21,HCM,Onsite,Redwood HCM - Core HR and ORC,G10,2025-04-17,2026-09-01,0.5,martinezlindsey@example.org,Michelle,Gibson,2020-11-26,AMEA - KSA,Associate Consultant,T2-Programmer Trainee,HCM,Onsite,On Project - Partial,"Core HR,Talent",26537
8829,Staffed,NA,Cain LLC,Impl,2024-02-16,FIN,Onsite,"ORC, Core HR, Absence, Benefits, Talent and Compensation.",G8,2025-05-11,2026-12-12,0.6,jessicagraves@example.org,Steven,Gallegos,2024-05-15,NA,Consultant II,10-Grade 9,PRGM,Offshore,On Project - Fulltime,SQL,27983
8432,Staffed,EUK,Perez-Osborne,CEMS,2023-12-20,FIN,Onsite,Core HR & Payroll,G6,2025-01-14,2026-06-02,0.6,bmitchell@example.org,Charles,Jarvis,2020-05-09,NA,Manager I - Delivery,T2-Programmer Trainee,AD,Onsite,On Project - Partial,"ORC,Talent",98604
1372,Open,EUK,Miller LLC,Impl,2024-03-05,FIN,Offshore,Onboarding Journeys,G8,2025-10-06,2026-03-12,0.5,ijohnson@example.org,Kyle,Hudson,2023-01-24,CORPORATE,Consultant II,10-Grade 9,PRGM,Onsite,Freshers Training,"ORC,Talent",13718
5969,Open,AMEA,Freeman and Sons,CEMS,2024-11-26,HCM,Offshore,Onboarding Journeys,T2,2025-06-18,2026-10-21,0.8,katherine11@example.org,Stephanie,Barnett,2020-04-12,UK/EUROPE - UK,Sr. Consultant II,05-Grade 5,AD,Onsite,On Project - Partial,"ORC,Talent",77020
6465,Open,NA,"Roberts, Davis and Hodges",Impl,2024-04-01,HCM,Offshore,Redwood HCM - Core HR and ORC,G10,2025-06-16,2026-06-18,0.8,david67@example.com,Katie,Delgado,2020-11-06,UK/EUROPE - UK,Consultant I,09-Grade 9,ERP Finance,Offshore,Bench,"Core HR,Talent",31579
5813,Open,EUK,Garcia-Macdonald,CEMS,2024-01-24,FIN,Offshore,Redwood HCM - Core HR and ORC,G6,2025-11-03,2026-06-12,0.6,maryhenry@example.net,Michael,Lewis,2020-02-24,UK/EUROPE - UK,Associate Consultant,10-Grade 9,PRGM,Offshore,On Project - Fulltime,"Core HR,Talent",84334
6553,Open,AMEA,Smith and Sons,CEMS,2024-07-04,HCM,Offshore,Redwood HCM - Core HR and ORC,G10,2025-03-26,2026-06-06,0.5,edward08@example.net,Valerie,Wolfe,2023-09-06,CORPORATE,Associate Consultant,05-Grade 5,PRGM,Onsite,On Project - Partial,"ORC,Talent",60403
6855,Staffed,AMEA,Andersen LLC,CEMS,2024-04-09,FIN,Onsite,Core HR & Payroll,G10,2025-12-02,2026-10-18,0.6,xmueller@example.com,Jose,Kline,2023-02-28,NA,Manager I - Delivery,T2-Programmer Trainee,SCM,Onsite,Bench,PM,99360
5452,Staffed,EUK,"Combs, Galvan and Elliott",CEMS,2024-10-31,FIN,Offshore,Onboarding Journeys,G10,2025-02-18,2026-01-22,0.6,allenchristie@example.net,Tyler,Riggs,2020-10-23,AMEA - KSA,Consultant I,07-Grade 7,PRGM,Offshore,On Project - Fulltime,"AP,AR",11389
7864,Staffed,AMEA,Rodriguez-Gonzales,CEMS,2024-06-10,HCM,Offshore,Core HR & Payroll,G8,2025-07-16,2026-11-18,0.9,marshallleslie@example.org,Timothy,Fox,2021-10-07,CORPORATE,Manager I - Delivery,04-Grade 4,PRGM,Offshore,Bench,SQL,17975
9790,Open,NA,"Avila, Davidson and Ponce",CEMS,2024-01-05,HCM,Offshore,Onboarding Journeys,T2,2025-02-19,2026-06-19,0.8,edward08@example.net,Valerie,Wolfe,2023-09-06,CORPORATE,Associate Consultant,05-Grade 5,PRGM,Onsite,On Project - Partial,"ORC,Talent",60403
6882,Open,AMEA,"Walker, Parker and Miller",Impl,2024-06-09,HCM,Onsite,"ORC, Core HR, Absence, Benefits, Talent and Compensation.",G6,2025-08-05,2026-09-15,0.8,gmorris@example.org,Maurice,Coffey,2020-06-14,AMEA - KSA,Manager II - Projects,10-Grade 9,ERP Finance,Offshore,Freshers Training,"Core HR,Talent",97351
